dataset_name,model_name,num_features,roc_auc_mean,roc_auc_std,f1_mean,accuracy_mean,precision_mean,recall_mean
all_features,LogisticRegression,101,0.9920282369146005,0.003288241954601931,0.9579129962257802,0.9574358974358974,0.9533756684491979,0.9634469696969697
low_corr_features,LogisticRegression,77,0.9918503213957759,0.004293604441049037,0.9550225533353374,0.9544055944055945,0.9475044563279857,0.9634469696969697
top_40_aggregate,LogisticRegression,40,0.9889003673094582,0.005412577379973147,0.9515747117481095,0.9513752913752913,0.9526978650697815,0.9513257575757577
top_50_aggregate,LogisticRegression,50,0.9879763544536271,0.0042119704159570255,0.9462065509742725,0.9452680652680654,0.943155929038282,0.9513257575757577
top_30_low_corr,SVC_RBF,30,0.9879706152433425,0.006010994708373288,0.940774347458898,0.9421445221445222,0.9641366223908918,0.9208333333333334
top_40_aggregate,SVC_RBF,40,0.9868916437098255,0.008117167008207906,0.9423343218030127,0.9422843822843824,0.9425640777364915,0.9452651515151516
top_50_aggregate,SVC_RBF,50,0.986880165289256,0.007874698466306125,0.9311339232662762,0.9300233100233101,0.9253868316368316,0.9392045454545455
top_30_low_corr,LogisticRegression,30,0.9857552800734618,0.006637505249509595,0.9313833248245693,0.9301165501165501,0.9264602683178534,0.9392045454545455
top_50_aggregate,LightGBM,50,0.9832070707070708,0.00935724336768315,0.9062225636523266,0.9056876456876457,0.8987333965844403,0.9147727272727273
top_40_aggregate,XGBoost,40,0.9813820018365472,0.012205337129625219,0.9307814281124202,0.93006993006993,0.922931627196333,0.9392045454545455
all_features,SVC_RBF,101,0.980802341597796,0.009677847043406499,0.9103318903318904,0.9119813519813519,0.9224497224497223,0.9028409090909092
top_30_aggregate,LogisticRegression,30,0.98073347107438,0.008200638665720267,0.9298372532041336,0.93006993006993,0.9296479992676188,0.9331439393939395
family_ablation_selected,LogisticRegression,40,0.9806932966023876,0.014572830252016333,0.9282809100278657,0.9271328671328671,0.9187739450618958,0.9392045454545455
top_50_aggregate,CatBoost,50,0.9802858126721763,0.013006448507613982,0.9273952762923351,0.9269930069930071,0.9228218824186566,0.9329545454545455
top_40_aggregate,LightGBM,40,0.9795454545454545,0.013174586912367982,0.9069160272804775,0.9056876456876457,0.8946530977982592,0.9208333333333334
top_20_aggregate,LogisticRegression,20,0.9791035353535353,0.010848753160777479,0.9163184804243469,0.9148251748251749,0.9044444444444444,0.9331439393939395
top_40_aggregate,CatBoost,40,0.9788108356290174,0.01340439957856443,0.9310919304576022,0.9299766899766899,0.9185612082670905,0.9450757575757576
family_ablation_selected,CatBoost,40,0.9786329201101929,0.013990937546870256,0.9249950985508493,0.924055944055944,0.9174178762414057,0.9331439393939395
top_50_aggregate,HistGradientBoosting,50,0.9786271808999082,0.013914613250471379,0.911089706313587,0.9088578088578089,0.8963867610926435,0.9270833333333333
top_50_aggregate,XGBoost,50,0.9786042240587693,0.012243157476471145,0.9307756006065928,0.9300233100233101,0.922931627196333,0.9390151515151516
family_ablation_selected,XGBoost,40,0.9779097796143251,0.016805211340531825,0.9311320563494476,0.9302097902097902,0.9237373737373737,0.9393939393939394
all_features,HistGradientBoosting,101,0.9777318640955004,0.018898871765310694,0.9134221938436161,0.9118414918414919,0.8947491723962312,0.9333333333333332
top_30_aggregate,XGBoost,30,0.9776629935720844,0.012024085224849596,0.9284734872970167,0.926946386946387,0.913373405873406,0.9452651515151516
top_30_low_corr,XGBoost,30,0.9775309917355373,0.015038592788090664,0.9334823465969209,0.933053613053613,0.9284351922587216,0.9390151515151516
top_30_low_corr,CatBoost,30,0.9775137741046832,0.013615090708936453,0.9232790849029457,0.920979020979021,0.903485987696514,0.9452651515151516
low_corr_features,SVC_RBF,77,0.9775022956841137,0.01306414963403967,0.8969138019262752,0.8996736596736596,0.9128659870595355,0.884659090909091
family_ablation_selected,SVC_RBF,40,0.9772038567493112,0.018288321144506327,0.9207484850027615,0.921025641025641,0.9185988748488748,0.9270833333333334
top_20_aggregate,SVC_RBF,20,0.977106290174472,0.012645479574253004,0.9184456964604024,0.9179953379953381,0.9120909383409384,0.9270833333333334
top_40_aggregate,HistGradientBoosting,40,0.9769570707070706,0.014216662194426924,0.9146930312151997,0.911934731934732,0.8977507157654216,0.9331439393939395
all_features,LightGBM,101,0.9764118457300276,0.01837974365202901,0.9048447016840344,0.9027039627039628,0.8845843742902566,0.9270833333333334
top_50_aggregate,ExtraTrees,50,0.9764061065197428,0.016043945670005076,0.9093367644197998,0.9056410256410257,0.87846064539176,0.9450757575757576
shap_top_25,CatBoost,25,0.9760158402203857,0.016004314504669243,0.9279045859543021,0.926946386946387,0.919081973737172,0.9392045454545455
all_features,ExtraTrees,101,0.9758838383838384,0.018664143036348342,0.915406517197562,0.9117948717948717,0.883915363915364,0.9513257575757577
all_features,XGBoost,101,0.975872359963269,0.017177815917807638,0.9188602442333785,0.9178554778554778,0.905169340463458,0.9331439393939395
top_30_low_corr,ExtraTrees,30,0.9758149678604224,0.015123210058319514,0.9093245548742711,0.9055944055944055,0.8787229218150271,0.9450757575757576
shap_top_25,LogisticRegression,25,0.9757518365472911,0.010882638422048433,0.8984380061215415,0.8965034965034965,0.9000120623104493,0.9026515151515152
family_ablation_selected,LightGBM,40,0.9757059228650137,0.016997692279678477,0.9129699098092425,0.9118881118881118,0.8994143111790172,0.9272727272727274
top_30_aggregate,SVC_RBF,30,0.9754247015610652,0.013519569583299855,0.9078606878616953,0.9057808857808858,0.8869144549315326,0.9331439393939395
family_ablation_selected,ExtraTrees,40,0.9753443526170799,0.018848386194540347,0.9117712842712843,0.9088111888111887,0.8882119007119007,0.9390151515151516
top_30_aggregate,LightGBM,30,0.9753271349862258,0.016221108037753007,0.9003590646877451,0.8995337995337996,0.9014819312479982,0.9026515151515152
shap_top_25,SVC_RBF,25,0.9752467860422407,0.012767873956569547,0.9127754259132693,0.9117016317016317,0.9039481381586645,0.9270833333333334
shap_top_25,XGBoost,25,0.9752295684113866,0.013713979579500086,0.93044360051713,0.9299766899766901,0.9240451846903459,0.9392045454545455
top_25_aggregate,LogisticRegression,25,0.9750229568411386,0.00942114749581678,0.9125417038548175,0.9117948717948717,0.9027230193178468,0.9270833333333334
family_ablation_selected,HistGradientBoosting,40,0.9749713039485768,0.017929098191906873,0.917243552467433,0.915011655011655,0.9028038733921087,0.9333333333333332
all_features,CatBoost,101,0.9747532139577594,0.017746232157672796,0.9216644052464948,0.9208857808857809,0.9106951871657755,0.9331439393939395
top_25_aggregate,SVC_RBF,25,0.9745121671258035,0.014704282367645516,0.9129500880816744,0.9118414918414919,0.8954204123384188,0.9331439393939395
top_30_low_corr,LightGBM,30,0.9743916437098255,0.015557437709548804,0.9117920203218288,0.9087179487179486,0.8952066202825216,0.9327651515151516
top_30_aggregate,CatBoost,30,0.9743457300275482,0.015704088165156494,0.9052040769687828,0.9026107226107227,0.8864781052281053,0.9268939393939395
top_40_aggregate,ExtraTrees,40,0.973662764003673,0.018799189565851828,0.9149741310675769,0.9117948717948717,0.8882261529320352,0.9450757575757576
top_30_aggregate,HistGradientBoosting,30,0.9732438016528924,0.014103910473457527,0.9068242578317205,0.9057342657342657,0.9002881558028616,0.9147727272727273
top_20_aggregate,XGBoost,20,0.9730601469237831,0.014990234981667162,0.9213424932195211,0.9208857808857809,0.9167483660130719,0.9268939393939395
shap_top_25,HistGradientBoosting,25,0.9728822314049588,0.015372879443787643,0.9093446458185264,0.9086713286713287,0.9077491120517684,0.9147727272727273
low_corr_features,XGBoost,77,0.9723599632690542,0.018904922088878187,0.9195732567110969,0.9179487179487179,0.9008403361344538,0.9392045454545453
low_corr_features,HistGradientBoosting,77,0.9720328282828282,0.021270225671287828,0.9201817001946788,0.9179953379953381,0.8965826330532213,0.9454545454545453
top_30_low_corr,GradientBoosting,30,0.9720156106519744,0.019266131433765134,0.9070783449785447,0.9057342657342657,0.8950921756262314,0.9210227272727274
low_corr_features,ExtraTrees,77,0.9719811753902663,0.019619115757126302,0.8952145113690329,0.8904428904428905,0.8622541085041086,0.9329545454545455
shap_top_25,LightGBM,25,0.9717860422405877,0.01683070165673322,0.9136442479089538,0.9117482517482518,0.8978106689325855,0.9331439393939395
top_30_low_corr,HistGradientBoosting,30,0.9715909090909092,0.015282343454461196,0.9061033979053537,0.9026107226107227,0.8897474747474747,0.9267045454545455
shap_top_25,ExtraTrees,25,0.9712350780532599,0.016086563132822182,0.9169049553732653,0.9147785547785547,0.9049872665534805,0.9329545454545455
top_25_aggregate,XGBoost,25,0.9710399449035811,0.016258468611480382,0.9196350903638105,0.917902097902098,0.9028276182881445,0.9392045454545455
low_corr_features,CatBoost,77,0.970529155188246,0.021105847306968507,0.9169099557159258,0.9148717948717948,0.8961458784988198,0.9392045454545455
low_corr_features,LightGBM,77,0.9692148760330579,0.019290632379423706,0.9190290014346203,0.917902097902098,0.905485103132162,0.9331439393939395
top_25_aggregate,CatBoost,25,0.9686122589531682,0.016191108684347682,0.9116439130623346,0.9088111888111887,0.8936675579322639,0.9329545454545455
top_20_aggregate,CatBoost,20,0.9682277318640955,0.016322937601662826,0.9197597895742117,0.9178554778554778,0.9028333701901813,0.9390151515151516
top_40_aggregate,GradientBoosting,40,0.9681646005509641,0.02246869381510895,0.9040367965367967,0.9027505827505827,0.894461506961507,0.9147727272727273
top_40_aggregate,RandomForest,40,0.9681359044995409,0.024207289597904545,0.9041870339444966,0.9027039627039628,0.8905242764825306,0.9208333333333334
top_30_low_corr,RandomForest,30,0.9680957300275482,0.01945541834972176,0.9103284174366264,0.9087645687645687,0.8924431841343606,0.9327651515151516
top_50_aggregate,RandomForest,50,0.9677513774104683,0.022267369677160375,0.9019954984628897,0.8996270396270395,0.8809283168865711,0.9268939393939395
top_50_aggregate,GradientBoosting,50,0.9677284205693297,0.020347354892361655,0.9055085355820651,0.9058275058275058,0.9028515570451056,0.9089015151515152
shap_top_25,GradientBoosting,25,0.9676939853076216,0.020911373235943054,0.9008725508725508,0.8996270396270397,0.8921188735132134,0.9149621212121211
family_ablation_selected,GradientBoosting,40,0.967447199265381,0.02390165491740028,0.8983614996114998,0.8967832167832167,0.8907436649372134,0.9089015151515152
top_25_aggregate,HistGradientBoosting,25,0.9673496326905419,0.017118520221509385,0.8974739742804655,0.8935664335664336,0.8775396151669497,0.9208333333333334
top_20_aggregate,LightGBM,20,0.9664313590449953,0.01886649087569537,0.8985567210567211,0.8966433566433567,0.8909819347319348,0.9087121212121213
top_20_aggregate,ExtraTrees,20,0.9662706611570249,0.021000597808955915,0.9210296546052549,0.9179953379953381,0.8940787970199734,0.9513257575757577
low_corr_features,GradientBoosting,77,0.965771349862259,0.025326520481408883,0.9064429804903904,0.9057342657342657,0.8988340336134453,0.9149621212121213
top_30_aggregate,ExtraTrees,30,0.9657254361799816,0.02196214084254289,0.9090030742204656,0.9057808857808858,0.8823140911376205,0.9392045454545455
top_30_aggregate,GradientBoosting,30,0.965702479338843,0.019152995885375505,0.8958863636363636,0.8936596736596737,0.8824727691663176,0.9147727272727273
family_ablation_selected,RandomForest,40,0.9655647382920112,0.026410246883810558,0.9052420046203548,0.9027505827505827,0.8878551645487128,0.9268939393939395
top_25_aggregate,LightGBM,25,0.9654901285583104,0.017191647060091495,0.9146885832820291,0.9117948717948717,0.8937185771744595,0.9390151515151516
top_20_aggregate,HistGradientBoosting,20,0.965168732782369,0.022160252544749515,0.9086016544902211,0.9056876456876457,0.8866569833675098,0.9329545454545455
top_25_aggregate,ExtraTrees,25,0.9646005509641873,0.0211478069811832,0.9098172490276888,0.9057808857808858,0.8787462863933453,0.9450757575757576
all_features,GradientBoosting,101,0.9642504591368228,0.024694804834705247,0.9083449883449883,0.9088111888111887,0.9082999108734402,0.9089015151515152
top_15_aggregate,LogisticRegression,15,0.9639118457300275,0.024100731015369917,0.8784282662043745,0.8784149184149184,0.8738809728283414,0.890909090909091
top_20_aggregate,RandomForest,20,0.9627640036730947,0.02180499334920187,0.90157136969972,0.8997202797202798,0.8869949494949495,0.9208333333333334
shap_top_25,RandomForest,25,0.9618055555555556,0.020200291843171115,0.9131505391087934,0.9118881118881118,0.9035562139010415,0.9270833333333334
all_features,RandomForest,101,0.9613119834710744,0.028584934084240905,0.8973549130048337,0.8966899766899766,0.884955809910171,0.9147727272727273
low_corr_features,RandomForest,77,0.9607782369146005,0.029040213488923595,0.9180736052553436,0.9179953379953381,0.9054455983867749,0.9331439393939395
top_25_aggregate,RandomForest,25,0.9601411845730027,0.022087654814167506,0.9050001854846738,0.9027039627039628,0.8870939812875296,0.9268939393939395
tree_top_25,LightGBM,25,0.9600780532598716,0.01769810354479661,0.9135609605495472,0.9117482517482518,0.8957739729798554,0.9331439393939395
top_15_aggregate,SVC_RBF,15,0.9600493572084481,0.02650771185862667,0.8940934671484957,0.8936130536130535,0.8837025043921596,0.9087121212121213
top_30_aggregate,RandomForest,30,0.9599517906336088,0.024397960074515355,0.910589802709368,0.9087645687645688,0.8918314660250143,0.9329545454545455
top_15_aggregate,GradientBoosting,15,0.9596820477502297,0.027025757804264746,0.8852677877677879,0.8845221445221446,0.8832546620046621,0.8905303030303031
top_15_aggregate,RandomForest,15,0.9596533516988062,0.025288291725881793,0.9109603323030295,0.9088578088578089,0.8929540525887774,0.9329545454545455
top_25_aggregate,GradientBoosting,25,0.9596361340679522,0.024163367608617987,0.8859940156960194,0.8844755244755245,0.8729736645391295,0.9028409090909092
top_20_aggregate,GradientBoosting,20,0.9595730027548208,0.021295876282873834,0.8890044677544677,0.8873193473193473,0.8781177156177156,0.9024621212121213
tree_top_25,CatBoost,25,0.9594180440771349,0.022836882405528006,0.9171727861150314,0.9148251748251749,0.8970179738562092,0.9392045454545455
top_15_aggregate,CatBoost,15,0.9587867309458218,0.02902098177450605,0.9031495840083041,0.8997202797202798,0.8828052584670232,0.9270833333333334
top_15_aggregate,ExtraTrees,15,0.9587522956841138,0.02698310086006255,0.9109475460240922,0.9087645687645688,0.8917462160302717,0.9331439393939395
permutation_top_25,XGBoost,25,0.9584538567493113,0.023142488563319002,0.8998304105586075,0.8995804195804196,0.9000711158826858,0.9022727272727273
tree_top_25,XGBoost,25,0.9575355831037647,0.021395668176817508,0.8869367887014945,0.8875524475524476,0.8901174766094121,0.8844696969696969
tree_top_25,ExtraTrees,25,0.9572141873278237,0.028826094229335412,0.9053847296494355,0.9027505827505827,0.8866674991674991,0.9268939393939395
tree_top_25,GradientBoosting,25,0.9555555555555555,0.027861169968657135,0.8974592074592074,0.8966899766899766,0.8830231043466338,0.9149621212121213
top_15_aggregate,XGBoost,15,0.95471189164371,0.029925952910987683,0.8854305786409278,0.8844289044289045,0.8842836257309943,0.8905303030303031
tree_top_25,HistGradientBoosting,25,0.9537936179981633,0.02186636407017688,0.885159255923084,0.8844289044289045,0.8811713776419658,0.8907196969696971
tree_top_25,LogisticRegression,25,0.9536960514233241,0.03293762033311018,0.8654198635976129,0.8630769230769231,0.8443107743510968,0.890340909090909
top_15_aggregate,LightGBM,15,0.9530417814508724,0.0313714106395624,0.8794835347074154,0.8783682983682984,0.8781378630856809,0.884469696969697
tree_top_25,RandomForest,25,0.9512511478420571,0.02634955384584806,0.8865720694830284,0.8845687645687645,0.8738257575757575,0.9026515151515152
permutation_top_25,CatBoost,25,0.9499024334251608,0.021836261414764663,0.8893500364025974,0.8873193473193473,0.8787015667511024,0.9022727272727273
permutation_top_25,GradientBoosting,25,0.9494260789715334,0.025911588052075607,0.8866002344095747,0.8843822843822844,0.8739421362950776,0.9022727272727273
permutation_top_25,LightGBM,25,0.9488923324150598,0.02337685394000086,0.8849232361566328,0.8843822843822844,0.8806926406926407,0.8901515151515152
tree_top_25,SVC_RBF,25,0.9479683195592287,0.031172474036312424,0.8867186996360523,0.8845221445221446,0.8637229437229438,0.9147727272727273
permutation_top_25,HistGradientBoosting,25,0.9473427456382002,0.030504040338940858,0.8775730513156912,0.8752447552447553,0.8675766622438449,0.8901515151515152
top_15_aggregate,HistGradientBoosting,15,0.9471648301193756,0.03652532985214112,0.8825276317846704,0.8784149184149184,0.8663004879371103,0.9026515151515152
permutation_top_25,RandomForest,25,0.9421487603305785,0.03264330426011312,0.8889717312057226,0.8904895104895104,0.8908769621548528,0.8901515151515152
permutation_top_25,ExtraTrees,25,0.9416322314049588,0.03554859159734232,0.8696354502806116,0.8693240093240092,0.8664005912786401,0.8780303030303032
permutation_top_25,SVC_RBF,25,0.9238980716253444,0.037158561198880606,0.8405978353782828,0.8386946386946386,0.830419597380548,0.8537878787878788
permutation_top_25,LogisticRegression,25,0.9105601469237833,0.022398942959412096,0.8446237585943468,0.8414918414918414,0.825870484200655,0.8657196969696969
