feature,family,permutation_importance_mean,permutation_importance_std
is_monolingual,language,0.00961559712684505,0.00233968353514393
latest_tag_is_prerelease,release,0.003210198121398681,0.0010249059204940486
latest_tag_is_stable,release,0.003087852237745677,0.0007107794894289503
has_deployments,release,0.002579524824374461,0.0007530522754754303
compiled_ratio,language,0.0018951772041992387,0.0006378773750721836
repo_age_days,maintenance,0.0013821138211382237,0.0004767627764571131
has_IssuesEvent,event,0.00116110190228114,0.0004129846734340253
subscribers_count,popularity,0.0008177440997711339,0.0005048024354696214
stable_tag_ratio,release,0.0006780329939221767,0.00022108097429348038
has_PullRequestEvent,event,0.0006164653879548417,0.00029331698088690984
total_contributions,contributor,0.0005075380850896279,0.0005516840047213092
num_deployments,release,0.0004704396558528723,0.00024385517692679975
semver_tag_ratio,release,0.00044754913568553214,0.00017511884342395385
has_IssueCommentEvent,event,0.0004167653327018776,0.00021535213289179895
contribution_entropy,contributor,0.00037887757518353753,0.00017086724063321496
has_projects,governance,0.00035519772673455743,0.00017009978684410685
has_pages,governance,0.0003551977267345537,0.00019188958530497296
governance_openness_score,governance,0.00033941116110191015,0.0002512247290684154
top3_contribution_ratio,contributor,0.00031730996921622474,0.00018317858968328843
stars_per_repo_age_day,popularity,0.00030862735811828894,0.00014794168383194377
language_entropy,language,0.00021627594916728092,0.0001681917624003151
open_issues_to_stars_ratio,popularity,0.00020285736837953502,0.00028656095544974167
release_recency_score,release,0.00018312416133872504,0.0001053568471921292
num_major_versions,release,0.00017680953508565725,0.00018103687668499828
num_minor_versions,release,0.00016812692398770663,0.0001385288000150895
top1_contribution_share,contributor,0.00015944431288976711,0.00011139321090738118
top1_contribution_ratio,contributor,0.00015944431288976711,0.00011139321090738118
fork_interest_efficiency,popularity,0.0001357644644407833,0.0001032059933928903
has_discussions,governance,0.00013102849475096583,8.01236248508922e-05
has_wiki,governance,0.00010103402004894014,7.780390894529707e-05
subscribers_to_stars_ratio,popularity,8.682611097955798e-05,0.00021902970914060716
IssuesEvent_ratio,event,8.682611097955798e-05,0.00010489457157079905
bus_factor_risk,contributor,8.287946957141745e-05,7.305018960567068e-05
non_external_activity_ratio,event,7.261820191018694e-05,4.653691048380839e-05
external_interest_event_ratio,event,7.261820191018324e-05,4.653691048380663e-05
num_unique_refs,release,6.788223222037685e-05,8.242341136446767e-05
WatchEvent_ratio,event,6.70929039387591e-05,5.539375186525971e-05
activity_diversity_score,event,5.998894940406988e-05,7.07054879676751e-05
num_unique_event_types,event,5.762096455916854e-05,5.8223328142433197e-05
deployment_recency_days,release,5.52529797142635e-05,6.185030554632808e-05
forks_per_repo_age_day,popularity,5.1306338306108164e-05,7.515217741032848e-05
tag_release_velocity,release,4.972768174284677e-05,8.435478631568945e-05
negative_repo_state,governance,4.735969689796023e-05,5.365110259048904e-05
archived,governance,4.735969689795653e-05,5.365110259047759e-05
is_recently_pushed_30d,maintenance,4.025574236325991e-05,4.198306463641927e-05
ForkEvent_ratio,event,3.3941116110199525e-05,1.457588232111804e-05
release_maturity_score,release,2.999447470202939e-05,1.4893016231837475e-05
event_type_entropy,event,2.8415818138771697e-05,3.53351160874663e-05
top3_ratio,language,2.8415818138771697e-05,2.622661255954014e-05
active_release_score,release,2.762648985713545e-05,5.9619109955895164e-05
is_recently_pushed_90d,maintenance,2.4469176730612664e-05,1.4317118278650061e-05
num_tags,release,2.4469176730608964e-05,1.780805773570379e-05
markup_ratio,language,2.1311863604078772e-05,5.480576315998013e-05
distributed_contribution_score,contributor,1.8943878759181133e-05,2.0643613277489314e-05
prerelease_tag_ratio,release,1.8943878759177433e-05,1.2825066547694879e-05
freshness_score,maintenance,1.8154550477548584e-05,2.5710786131354955e-05
update_push_gap_days,maintenance,1.4997237351018396e-05,1.780805773570379e-05
last_push_recency_days,maintenance,1.4207909069385849e-05,1.6855439659064235e-05
is_recently_updated_90d,maintenance,1.2629252506120755e-05,2.716023448431599e-05
adoption_efficiency,popularity,1.105059594285566e-05,1.806855022853064e-05
contribution_gini,contributor,1.0261267661223113e-05,2.34285611802982e-05
infra_ratio,language,1.0261267661223113e-05,2.4213215960505436e-05
dominant_event_ratio,event,9.471939379590566e-06,1.9906101843747647e-05
contributor_depth_score,contributor,8.68261109795802e-06,1.8828416515715256e-05
stars_per_size,popularity,7.893282816325472e-06,3.422445873973436e-05
forks_count,popularity,7.103954534692924e-06,1.5162501154237756e-05
network_count,popularity,7.103954534692924e-06,1.5162501154237756e-05
is_stale_365d,maintenance,6.314626253060377e-06,1.2125891148268547e-05
has_issues,governance,4.735969689795283e-06,9.471939379590565e-06
maintainer_activity_score,maintenance,3.946641408162736e-06,8.824958471467367e-06
recent_event_density,event,3.946641408162736e-06,1.0736025344335912e-05
repo_size,governance,3.1573131265301886e-06,8.049600621350038e-06
median_contributions,contributor,3.1573131265301886e-06,1.0108334102825169e-05
healthy_activity_score,event,3.1573131265301886e-06,8.049600621350041e-06
collaboration_event_score,event,3.1573131265301886e-06,8.049600621350041e-06
release_quality_score,release,3.1573131265301886e-06,8.04960062135004e-06
issue_burden_score,popularity,2.3679848448976416e-06,9.372754035078674e-06
interaction_ratio,event,2.3679848448976416e-06,9.372754035078674e-06
top5_contribution_share,contributor,1.5786565632650943e-06,5.9067919911200044e-06
PullRequestEvent_ratio,event,1.5786565632650943e-06,5.9067919911200044e-06
development_ratio,event,7.893282816325472e-07,4.250662883523543e-06
stargazers_count,popularity,7.893282816325472e-07,4.250662883523544e-06
num_contributors,contributor,7.893282816325472e-07,4.250662883523543e-06
tag_based_deployment_ratio,release,3.7007434154171884e-18,1.9929113200939384e-17
forks_to_stars_ratio,popularity,0.0,0.0
push_update_consistency,maintenance,0.0,0.0
last_update_recency_days,maintenance,0.0,0.0
disabled,governance,0.0,0.0
contributors_to_stars_ratio,contributor,0.0,0.0
allow_forking,governance,0.0,0.0
num_events,event,0.0,0.0
has_pull_requests,governance,0.0,0.0
issues_per_size,governance,0.0,0.0
minor_lang_ratio,language,0.0,0.0
top2_ratio,language,0.0,0.0
IssueCommentEvent_ratio,event,0.0,0.0
primary_language_ratio,language,0.0,0.0
PushEvent_ratio,event,0.0,0.0
forks_per_size,popularity,0.0,0.0
open_issues_count,governance,0.0,0.0
has_downloads,governance,0.0,0.0
