feature,family,coef,abs_coef
is_monolingual,language,1.7426582228545604,1.7426582228545604
latest_tag_is_stable,release,1.2201887607641382,1.2201887607641382
has_deployments,release,1.1945470307791919,1.1945470307791919
latest_tag_is_prerelease,release,-1.1437184331138843,1.1437184331138843
compiled_ratio,language,1.0993712285292572,1.0993712285292572
has_IssuesEvent,event,0.9552745032464514,0.9552745032464514
repo_age_days,maintenance,0.9368945095359639,0.9368945095359639
subscribers_count,popularity,0.8420566211173881,0.8420566211173881
has_IssueCommentEvent,event,0.8401737449326789,0.8401737449326789
has_PullRequestEvent,event,0.8295976213528704,0.8295976213528704
stable_tag_ratio,release,0.8186792262268417,0.8186792262268417
contribution_entropy,contributor,0.798852419904064,0.798852419904064
governance_openness_score,governance,0.7726086886993273,0.7726086886993273
top3_contribution_ratio,contributor,-0.7713251133929052,0.7713251133929052
num_deployments,release,0.7676945174209848,0.7676945174209848
semver_tag_ratio,release,0.682012674050341,0.682012674050341
has_projects,governance,0.6812511855443676,0.6812511855443676
total_contributions,contributor,0.6627123301083714,0.6627123301083714
top1_contribution_ratio,contributor,-0.6585565309418336,0.6585565309418336
top1_contribution_share,contributor,-0.6585565309418336,0.6585565309418336
has_pages,governance,0.6503573374776566,0.6503573374776566
fork_interest_efficiency,popularity,0.642588507810312,0.642588507810312
bus_factor_risk,contributor,-0.5981768628407526,0.5981768628407526
has_discussions,governance,0.5895373182007845,0.5895373182007845
stars_per_repo_age_day,popularity,0.5742755508261866,0.5742755508261866
release_recency_score,release,-0.5008059449398281,0.5008059449398281
num_minor_versions,release,0.496000139667903,0.496000139667903
language_entropy,language,-0.4877490721902973,0.4877490721902973
activity_diversity_score,event,0.48443252864016995,0.48443252864016995
num_unique_event_types,event,0.4749009446719079,0.4749009446719079
num_unique_refs,release,0.46660483586304596,0.46660483586304596
deployment_recency_days,release,-0.45749731225468865,0.45749731225468865
is_recently_pushed_30d,maintenance,0.45378332997647874,0.45378332997647874
distributed_contribution_score,contributor,0.4465189007037815,0.4465189007037815
archived,governance,-0.44621312395352797,0.44621312395352797
negative_repo_state,governance,-0.44621312395352797,0.44621312395352797
contributor_depth_score,contributor,0.4330887656109962,0.4330887656109962
num_major_versions,release,0.4232765258194903,0.4232765258194903
event_type_entropy,event,0.41981234126927597,0.41981234126927597
open_issues_to_stars_ratio,popularity,-0.41708238134905934,0.41708238134905934
freshness_score,maintenance,0.4101711891222478,0.4101711891222478
IssuesEvent_ratio,event,0.39578491364789714,0.39578491364789714
has_wiki,governance,0.38621280446778816,0.38621280446778816
forks_per_repo_age_day,popularity,0.3840339012792805,0.3840339012792805
contribution_gini,contributor,-0.37467617397184283,0.37467617397184283
dominant_event_ratio,event,-0.3643014914056241,0.3643014914056241
tag_release_velocity,release,0.34209854153202063,0.34209854153202063
subscribers_to_stars_ratio,popularity,0.33580402795779224,0.33580402795779224
non_external_activity_ratio,event,-0.3202799119008582,0.3202799119008582
external_interest_event_ratio,event,0.32027991190085814,0.32027991190085814
WatchEvent_ratio,event,0.31091330030226266,0.31091330030226266
active_release_score,release,0.28416254823511594,0.28416254823511594
num_tags,release,0.2784404011849725,0.2784404011849725
top3_ratio,language,0.25766053416473256,0.25766053416473256
interaction_ratio,event,0.25651910832333685,0.25651910832333685
collaboration_event_score,event,0.25357329122155325,0.25357329122155325
top5_contribution_share,contributor,-0.2407932672211386,0.2407932672211386
is_recently_updated_90d,maintenance,0.2371465799052871,0.2371465799052871
healthy_activity_score,event,0.23116863776394522,0.23116863776394522
median_contributions,contributor,0.22531887025710523,0.22531887025710523
update_push_gap_days,maintenance,-0.21057184322501984,0.21057184322501984
last_push_recency_days,maintenance,-0.20111967317435497,0.20111967317435497
maintainer_activity_score,maintenance,0.19800786732485867,0.19800786732485867
is_stale_365d,maintenance,-0.1950428764558978,0.1950428764558978
markup_ratio,language,0.19350044111892925,0.19350044111892925
release_quality_score,release,-0.18436352420481308,0.18436352420481308
num_contributors,contributor,-0.17390355146481482,0.17390355146481482
infra_ratio,language,-0.1700424460568621,0.1700424460568621
PullRequestEvent_ratio,event,0.16048985806233682,0.16048985806233682
ForkEvent_ratio,event,0.1583948473232351,0.1583948473232351
recent_event_density,event,-0.1568203057134108,0.1568203057134108
adoption_efficiency,popularity,0.15257375986201277,0.15257375986201277
stars_per_size,popularity,0.15149434315079927,0.15149434315079927
has_issues,governance,0.14835675262313072,0.14835675262313072
prerelease_tag_ratio,release,0.14130813156362304,0.14130813156362304
repo_size,governance,-0.12369769442607456,0.12369769442607456
primary_language_ratio,language,-0.1224373359945137,0.1224373359945137
release_maturity_score,release,0.12159599512498508,0.12159599512498508
network_count,popularity,0.12047189443488278,0.12047189443488278
forks_count,popularity,0.1204082493153832,0.1204082493153832
is_recently_pushed_90d,maintenance,-0.11976701081637117,0.11976701081637117
contributors_to_stars_ratio,contributor,0.11127954828890199,0.11127954828890199
development_ratio,event,0.10461695515988424,0.10461695515988424
minor_lang_ratio,language,0.09991840763727443,0.09991840763727443
IssueCommentEvent_ratio,event,0.095059346720588,0.095059346720588
issue_burden_score,popularity,-0.07456273674065901,0.07456273674065901
forks_per_size,popularity,0.06285611486385048,0.06285611486385048
stargazers_count,popularity,0.06047515021640079,0.06047515021640079
issues_per_size,governance,0.05579759529194238,0.05579759529194238
has_pull_requests,governance,-0.051644145114756096,0.051644145114756096
forks_to_stars_ratio,popularity,0.04603396501574676,0.04603396501574676
last_update_recency_days,maintenance,0.04018021221946459,0.04018021221946459
push_update_consistency,maintenance,0.02844857532239222,0.02844857532239222
tag_based_deployment_ratio,release,-0.02760182357216482,0.02760182357216482
open_issues_count,governance,0.018964676828845613,0.018964676828845613
has_downloads,governance,-0.012390024598821908,0.012390024598821908
top2_ratio,language,0.011527371579071539,0.011527371579071539
num_events,event,-0.00924170785420642,0.00924170785420642
PushEvent_ratio,event,-0.008586001885026133,0.008586001885026133
allow_forking,governance,0.0,0.0
disabled,governance,0.0,0.0
